게임명	제조사	가격	평점
<jputils.Game.Game object at 0x108ced6d8>
<jputils.Game.Game object at 0x108ced748>
<jputils.Game.Game object at 0x108ced7b8>
<jputils.Game.Game object at 0x108ced828>
<jputils.Game.Game object at 0x108ced898>
<jputils.Game.Game object at 0x108ced908>
<jputils.Game.Game object at 0x108ced978>
<jputils.Game.Game object at 0x108ced9e8>
<jputils.Game.Game object at 0x108ceda58>
<jputils.Game.Game object at 0x108cedac8>
<jputils.Game.Game object at 0x108cedb38>
<jputils.Game.Game object at 0x108cedba8>
<jputils.Game.Game object at 0x108cedc18>
<jputils.Game.Game object at 0x108cedc88>
<jputils.Game.Game object at 0x108cedcf8>
<jputils.Game.Game object at 0x108cedd68>
<jputils.Game.Game object at 0x108ceddd8>
<jputils.Game.Game object at 0x108cede48>
<jputils.Game.Game object at 0x108cedeb8>
<jputils.Game.Game object at 0x108cedf28>
<jputils.Game.Game object at 0x108cedf98>
<jputils.Game.Game object at 0x108ced6a0>
<jputils.Game.Game object at 0x108cf60b8>
<jputils.Game.Game object at 0x108cf6128>
<jputils.Game.Game object at 0x108cf6198>
<jputils.Game.Game object at 0x108cf6208>
<jputils.Game.Game object at 0x108cf6278>
<jputils.Game.Game object at 0x108cf62e8>
<jputils.Game.Game object at 0x108cf6358>
<jputils.Game.Game object at 0x108cf63c8>
<jputils.Game.Game object at 0x108cf6438>
<jputils.Game.Game object at 0x108cf64a8>
<jputils.Game.Game object at 0x108cf6518>
<jputils.Game.Game object at 0x108cf6588>
<jputils.Game.Game object at 0x108cf65f8>
<jputils.Game.Game object at 0x108cf6668>
<jputils.Game.Game object at 0x108cf66d8>
<jputils.Game.Game object at 0x108cf6748>
<jputils.Game.Game object at 0x108cf67b8>
<jputils.Game.Game object at 0x108cf6828>
<jputils.Game.Game object at 0x108cf6898>
<jputils.Game.Game object at 0x108cf6908>
<jputils.Game.Game object at 0x108cf6978>
<jputils.Game.Game object at 0x108cf69e8>
<jputils.Game.Game object at 0x108cf6a58>
<jputils.Game.Game object at 0x108cf6ac8>
<jputils.Game.Game object at 0x108cf6b38>
<jputils.Game.Game object at 0x108cf6ba8>
<jputils.Game.Game object at 0x108cf6c18>
<jputils.Game.Game object at 0x108cf6c88>
<jputils.Game.Game object at 0x108cf6cf8>
<jputils.Game.Game object at 0x108cf6d68>
<jputils.Game.Game object at 0x108cf6dd8>
<jputils.Game.Game object at 0x108cf6e48>
<jputils.Game.Game object at 0x108cf6eb8>
<jputils.Game.Game object at 0x108cf6f28>
<jputils.Game.Game object at 0x108cf6f98>
<jputils.Game.Game object at 0x108cf6048>
<jputils.Game.Game object at 0x108cf90b8>
<jputils.Game.Game object at 0x108cf9128>
